domain,text
Finance,Goldman Sachs reported a 10% rise in revenue last quarter.
Finance,"Elon Musk invested in Bitcoin in 2021, influencing global markets."
Education,"Harvard University launched a new AI program on June 10, 2024."
Health,Dr. Sarah Johnson conducted a study on diabetes in 2023.
Education,Stanford University collaborated with Google on an AI ethics project last December.
Technology,"Apple Inc. released the iPhone 15 on October 15, 2023."
Education,The University of Cambridge held its annual convocation in July 2022.
Technology,Google partnered with NASA to advance quantum computing in 2024.
Health,John Hopkins University reported an increase in mental health cases in 2020.
Technology,Amazon Web Services launched new cloud infrastructure in India last year.
Finance,The Reserve Bank of India announced new monetary policies in April 2023.
Education,Dr. Alan Walker presented a paper on climate change at Oxford University in 2023.
Health,Dr. Emily Carter joined the Mayo Clinic as a senior surgeon last year.
Technology,Elon Musk unveiled the new Tesla chip during a 2022 event.
Education,Dr. Alan Walker presented a paper on climate change at Oxford University in 2023.
Technology,"Apple Inc. released the iPhone 15 on October 15, 2023."
Education,Dr. Alan Walker presented a paper on climate change at Oxford University in 2023.
Finance,The Reserve Bank of India announced new monetary policies in April 2023.
Technology,"Apple Inc. released the iPhone 15 on October 15, 2023."
Education,"Harvard University launched a new AI program on June 10, 2024."
Education,The University of Cambridge held its annual convocation in July 2022.
Technology,Elon Musk unveiled the new Tesla chip during a 2022 event.
Health,Dr. Sarah Johnson conducted a study on diabetes in 2023.
Education,MIT announced new scholarships for data science students in 2021.
Technology,Amazon Web Services launched new cloud infrastructure in India last year.
Health,John Hopkins University reported an increase in mental health cases in 2020.
Technology,Elon Musk unveiled the new Tesla chip during a 2022 event.
Technology,Elon Musk unveiled the new Tesla chip during a 2022 event.
Health,Dr. Emily Carter joined the Mayo Clinic as a senior surgeon last year.
Education,"Harvard University launched a new AI program on June 10, 2024."
Education,Stanford University collaborated with Google on an AI ethics project last December.
Education,The University of Cambridge held its annual convocation in July 2022.
Health,Dr. Emily Carter joined the Mayo Clinic as a senior surgeon last year.
Education,The University of Cambridge held its annual convocation in July 2022.
Education,Stanford University collaborated with Google on an AI ethics project last December.
Health,Dr. Sarah Johnson conducted a study on diabetes in 2023.
Health,John Hopkins University reported an increase in mental health cases in 2020.
Education,"Harvard University launched a new AI program on June 10, 2024."
Finance,JP Morgan Chase acquired a fintech startup in June 2022.
Education,"Harvard University launched a new AI program on June 10, 2024."
Health,John Hopkins University reported an increase in mental health cases in 2020.
Health,Dr. Sarah Johnson conducted a study on diabetes in 2023.
Education,Dr. Alan Walker presented a paper on climate change at Oxford University in 2023.
Education,MIT announced new scholarships for data science students in 2021.
Finance,Warren Buffett’s Berkshire Hathaway increased its holdings in Apple last year.
Health,Pfizer announced a new vaccine trial in August 2022.
Health,Pfizer announced a new vaccine trial in August 2022.
Technology,"Apple Inc. released the iPhone 15 on October 15, 2023."
Education,Stanford University collaborated with Google on an AI ethics project last December.
Health,Pfizer announced a new vaccine trial in August 2022.
Health,Pfizer announced a new vaccine trial in August 2022.
Technology,"Apple Inc. released the iPhone 15 on October 15, 2023."
Technology,Microsoft introduced Copilot features to Windows 11 in September 2023.
Education,The University of Cambridge held its annual convocation in July 2022.
Health,The World Health Organization released new COVID-19 guidelines in March 2021.
Health,John Hopkins University reported an increase in mental health cases in 2020.
Health,Dr. Emily Carter joined the Mayo Clinic as a senior surgeon last year.
Technology,Elon Musk unveiled the new Tesla chip during a 2022 event.
Finance,The Reserve Bank of India announced new monetary policies in April 2023.
Technology,"Apple Inc. released the iPhone 15 on October 15, 2023."
Technology,"Apple Inc. released the iPhone 15 on October 15, 2023."
Health,Pfizer announced a new vaccine trial in August 2022.
Health,Pfizer announced a new vaccine trial in August 2022.
Technology,Elon Musk unveiled the new Tesla chip during a 2022 event.
Health,Pfizer announced a new vaccine trial in August 2022.
Education,Dr. Alan Walker presented a paper on climate change at Oxford University in 2023.
Finance,The Reserve Bank of India announced new monetary policies in April 2023.
Technology,Elon Musk unveiled the new Tesla chip during a 2022 event.
Health,John Hopkins University reported an increase in mental health cases in 2020.
Education,"Harvard University launched a new AI program on June 10, 2024."
Education,MIT announced new scholarships for data science students in 2021.
Health,Dr. Sarah Johnson conducted a study on diabetes in 2023.
Technology,Microsoft introduced Copilot features to Windows 11 in September 2023.
Education,Dr. Alan Walker presented a paper on climate change at Oxford University in 2023.
Education,Stanford University collaborated with Google on an AI ethics project last December.
Finance,"Elon Musk invested in Bitcoin in 2021, influencing global markets."
Health,John Hopkins University reported an increase in mental health cases in 2020.
Finance,Goldman Sachs reported a 10% rise in revenue last quarter.
Finance,The Reserve Bank of India announced new monetary policies in April 2023.
Health,Dr. Emily Carter joined the Mayo Clinic as a senior surgeon last year.
Finance,The Reserve Bank of India announced new monetary policies in April 2023.
Health,Pfizer announced a new vaccine trial in August 2022.
Health,Pfizer announced a new vaccine trial in August 2022.
Technology,Microsoft introduced Copilot features to Windows 11 in September 2023.
Finance,The Reserve Bank of India announced new monetary policies in April 2023.
Education,The University of Cambridge held its annual convocation in July 2022.
Finance,The Reserve Bank of India announced new monetary policies in April 2023.
Finance,The Reserve Bank of India announced new monetary policies in April 2023.
Technology,Microsoft introduced Copilot features to Windows 11 in September 2023.
Education,Stanford University collaborated with Google on an AI ethics project last December.
Health,John Hopkins University reported an increase in mental health cases in 2020.
Education,Dr. Alan Walker presented a paper on climate change at Oxford University in 2023.
Education,MIT announced new scholarships for data science students in 2021.
Health,Dr. Emily Carter joined the Mayo Clinic as a senior surgeon last year.
Education,The University of Cambridge held its annual convocation in July 2022.
Finance,JP Morgan Chase acquired a fintech startup in June 2022.
Health,Pfizer announced a new vaccine trial in August 2022.
Education,Stanford University collaborated with Google on an AI ethics project last December.
Finance,JP Morgan Chase acquired a fintech startup in June 2022.
Education,Stanford University collaborated with Google on an AI ethics project last December.
Health,John Hopkins University reported an increase in mental health cases in 2020.
Finance,Warren Buffett’s Berkshire Hathaway increased its holdings in Apple last year.
Technology,Elon Musk unveiled the new Tesla chip during a 2022 event.
Technology,Elon Musk unveiled the new Tesla chip during a 2022 event.
Technology,"Apple Inc. released the iPhone 15 on October 15, 2023."
Education,Stanford University collaborated with Google on an AI ethics project last December.
Health,John Hopkins University reported an increase in mental health cases in 2020.
Health,The World Health Organization released new COVID-19 guidelines in March 2021.
Education,Stanford University collaborated with Google on an AI ethics project last December.
Finance,Warren Buffett’s Berkshire Hathaway increased its holdings in Apple last year.
Health,Dr. Sarah Johnson conducted a study on diabetes in 2023.
Technology,Elon Musk unveiled the new Tesla chip during a 2022 event.
Health,Dr. Sarah Johnson conducted a study on diabetes in 2023.
Technology,"Apple Inc. released the iPhone 15 on October 15, 2023."
Health,Dr. Emily Carter joined the Mayo Clinic as a senior surgeon last year.
Finance,Warren Buffett’s Berkshire Hathaway increased its holdings in Apple last year.
Technology,Microsoft introduced Copilot features to Windows 11 in September 2023.
Technology,Microsoft introduced Copilot features to Windows 11 in September 2023.
Health,The World Health Organization released new COVID-19 guidelines in March 2021.
Health,Pfizer announced a new vaccine trial in August 2022.
Technology,Elon Musk unveiled the new Tesla chip during a 2022 event.
Education,"Harvard University launched a new AI program on June 10, 2024."
Technology,"Apple Inc. released the iPhone 15 on October 15, 2023."
Health,Pfizer announced a new vaccine trial in August 2022.
Health,Dr. Emily Carter joined the Mayo Clinic as a senior surgeon last year.
Finance,JP Morgan Chase acquired a fintech startup in June 2022.
Health,John Hopkins University reported an increase in mental health cases in 2020.
Health,The World Health Organization released new COVID-19 guidelines in March 2021.
Health,Dr. Emily Carter joined the Mayo Clinic as a senior surgeon last year.
Technology,Google partnered with NASA to advance quantum computing in 2024.
Health,The World Health Organization released new COVID-19 guidelines in March 2021.
Technology,Amazon Web Services launched new cloud infrastructure in India last year.
Technology,Amazon Web Services launched new cloud infrastructure in India last year.
Education,"Harvard University launched a new AI program on June 10, 2024."
Health,Pfizer announced a new vaccine trial in August 2022.
Technology,Google partnered with NASA to advance quantum computing in 2024.
Technology,"Apple Inc. released the iPhone 15 on October 15, 2023."
Technology,Elon Musk unveiled the new Tesla chip during a 2022 event.
Technology,Microsoft introduced Copilot features to Windows 11 in September 2023.
Education,"Harvard University launched a new AI program on June 10, 2024."
Education,MIT announced new scholarships for data science students in 2021.
Education,The University of Cambridge held its annual convocation in July 2022.
Finance,Warren Buffett’s Berkshire Hathaway increased its holdings in Apple last year.
Technology,Microsoft introduced Copilot features to Windows 11 in September 2023.
Health,Dr. Sarah Johnson conducted a study on diabetes in 2023.
Finance,"Elon Musk invested in Bitcoin in 2021, influencing global markets."
Finance,"Elon Musk invested in Bitcoin in 2021, influencing global markets."
Health,Dr. Emily Carter joined the Mayo Clinic as a senior surgeon last year.
Technology,Google partnered with NASA to advance quantum computing in 2024.
Finance,Warren Buffett’s Berkshire Hathaway increased its holdings in Apple last year.
Health,Dr. Sarah Johnson conducted a study on diabetes in 2023.
Health,Dr. Emily Carter joined the Mayo Clinic as a senior surgeon last year.
Education,MIT announced new scholarships for data science students in 2021.
Health,Dr. Sarah Johnson conducted a study on diabetes in 2023.
Technology,"Apple Inc. released the iPhone 15 on October 15, 2023."
Education,"Harvard University launched a new AI program on June 10, 2024."
Education,Dr. Alan Walker presented a paper on climate change at Oxford University in 2023.
Education,Dr. Alan Walker presented a paper on climate change at Oxford University in 2023.
Technology,Amazon Web Services launched new cloud infrastructure in India last year.
Finance,Goldman Sachs reported a 10% rise in revenue last quarter.
Education,"Harvard University launched a new AI program on June 10, 2024."
Health,Dr. Sarah Johnson conducted a study on diabetes in 2023.
Health,Pfizer announced a new vaccine trial in August 2022.
Finance,The Reserve Bank of India announced new monetary policies in April 2023.
Health,Dr. Sarah Johnson conducted a study on diabetes in 2023.
Health,The World Health Organization released new COVID-19 guidelines in March 2021.
Technology,Google partnered with NASA to advance quantum computing in 2024.
Technology,Google partnered with NASA to advance quantum computing in 2024.
Finance,The Reserve Bank of India announced new monetary policies in April 2023.
Finance,Goldman Sachs reported a 10% rise in revenue last quarter.
Health,Pfizer announced a new vaccine trial in August 2022.
Education,"Harvard University launched a new AI program on June 10, 2024."
Education,The University of Cambridge held its annual convocation in July 2022.
Health,Dr. Sarah Johnson conducted a study on diabetes in 2023.
Finance,JP Morgan Chase acquired a fintech startup in June 2022.
Technology,Amazon Web Services launched new cloud infrastructure in India last year.
Education,"Harvard University launched a new AI program on June 10, 2024."
Education,The University of Cambridge held its annual convocation in July 2022.
Technology,Elon Musk unveiled the new Tesla chip during a 2022 event.
Education,Dr. Alan Walker presented a paper on climate change at Oxford University in 2023.
Finance,Warren Buffett’s Berkshire Hathaway increased its holdings in Apple last year.
Education,The University of Cambridge held its annual convocation in July 2022.
Technology,Google partnered with NASA to advance quantum computing in 2024.
Finance,Goldman Sachs reported a 10% rise in revenue last quarter.
Technology,"Apple Inc. released the iPhone 15 on October 15, 2023."
Health,Dr. Sarah Johnson conducted a study on diabetes in 2023.
Education,MIT announced new scholarships for data science students in 2021.
Technology,"Apple Inc. released the iPhone 15 on October 15, 2023."
Technology,Amazon Web Services launched new cloud infrastructure in India last year.
Technology,Amazon Web Services launched new cloud infrastructure in India last year.
Education,The University of Cambridge held its annual convocation in July 2022.
Health,Dr. Emily Carter joined the Mayo Clinic as a senior surgeon last year.
Health,John Hopkins University reported an increase in mental health cases in 2020.
Education,MIT announced new scholarships for data science students in 2021.
Technology,"Apple Inc. released the iPhone 15 on October 15, 2023."
Health,Pfizer announced a new vaccine trial in August 2022.
Education,Dr. Alan Walker presented a paper on climate change at Oxford University in 2023.
Education,MIT announced new scholarships for data science students in 2021.
Technology,"Apple Inc. released the iPhone 15 on October 15, 2023."
Finance,"Elon Musk invested in Bitcoin in 2021, influencing global markets."
Technology,"Apple Inc. released the iPhone 15 on October 15, 2023."
Health,The World Health Organization released new COVID-19 guidelines in March 2021.
Technology,Amazon Web Services launched new cloud infrastructure in India last year.
Technology,"Apple Inc. released the iPhone 15 on October 15, 2023."
Technology,Amazon Web Services launched new cloud infrastructure in India last year.
Technology,Microsoft introduced Copilot features to Windows 11 in September 2023.
Education,MIT announced new scholarships for data science students in 2021.
Technology,Elon Musk unveiled the new Tesla chip during a 2022 event.
Technology,Microsoft introduced Copilot features to Windows 11 in September 2023.
Technology,"Apple Inc. released the iPhone 15 on October 15, 2023."
Technology,"Apple Inc. released the iPhone 15 on October 15, 2023."
Finance,The Reserve Bank of India announced new monetary policies in April 2023.
Finance,The Reserve Bank of India announced new monetary policies in April 2023.
Finance,Warren Buffett’s Berkshire Hathaway increased its holdings in Apple last year.
Finance,Goldman Sachs reported a 10% rise in revenue last quarter.
Technology,Google partnered with NASA to advance quantum computing in 2024.
Technology,Microsoft introduced Copilot features to Windows 11 in September 2023.
Technology,Microsoft introduced Copilot features to Windows 11 in September 2023.
Health,The World Health Organization released new COVID-19 guidelines in March 2021.
Finance,JP Morgan Chase acquired a fintech startup in June 2022.
Education,Dr. Alan Walker presented a paper on climate change at Oxford University in 2023.
Education,Stanford University collaborated with Google on an AI ethics project last December.
Education,"Harvard University launched a new AI program on June 10, 2024."
Health,The World Health Organization released new COVID-19 guidelines in March 2021.
Education,Stanford University collaborated with Google on an AI ethics project last December.
Finance,Goldman Sachs reported a 10% rise in revenue last quarter.
Health,Dr. Emily Carter joined the Mayo Clinic as a senior surgeon last year.
Education,Stanford University collaborated with Google on an AI ethics project last December.
Technology,Google partnered with NASA to advance quantum computing in 2024.
Technology,Amazon Web Services launched new cloud infrastructure in India last year.
Health,The World Health Organization released new COVID-19 guidelines in March 2021.
Technology,"Apple Inc. released the iPhone 15 on October 15, 2023."
Health,Dr. Sarah Johnson conducted a study on diabetes in 2023.
Health,Pfizer announced a new vaccine trial in August 2022.
Finance,"Elon Musk invested in Bitcoin in 2021, influencing global markets."
Education,MIT announced new scholarships for data science students in 2021.
Health,Dr. Sarah Johnson conducted a study on diabetes in 2023.
Finance,Warren Buffett’s Berkshire Hathaway increased its holdings in Apple last year.
Education,Dr. Alan Walker presented a paper on climate change at Oxford University in 2023.
Health,Dr. Sarah Johnson conducted a study on diabetes in 2023.
Finance,"Elon Musk invested in Bitcoin in 2021, influencing global markets."
Health,Pfizer announced a new vaccine trial in August 2022.
Finance,Warren Buffett’s Berkshire Hathaway increased its holdings in Apple last year.
Finance,Goldman Sachs reported a 10% rise in revenue last quarter.
Education,Dr. Alan Walker presented a paper on climate change at Oxford University in 2023.
Education,The University of Cambridge held its annual convocation in July 2022.
Education,Dr. Alan Walker presented a paper on climate change at Oxford University in 2023.
Education,"Harvard University launched a new AI program on June 10, 2024."
Education,"Harvard University launched a new AI program on June 10, 2024."
Education,Stanford University collaborated with Google on an AI ethics project last December.
Technology,Google partnered with NASA to advance quantum computing in 2024.
Finance,Goldman Sachs reported a 10% rise in revenue last quarter.
Education,Stanford University collaborated with Google on an AI ethics project last December.
Technology,Google partnered with NASA to advance quantum computing in 2024.
Finance,The Reserve Bank of India announced new monetary policies in April 2023.
Education,The University of Cambridge held its annual convocation in July 2022.
Health,Dr. Sarah Johnson conducted a study on diabetes in 2023.
Finance,"Elon Musk invested in Bitcoin in 2021, influencing global markets."
Finance,JP Morgan Chase acquired a fintech startup in June 2022.
Education,The University of Cambridge held its annual convocation in July 2022.
Health,John Hopkins University reported an increase in mental health cases in 2020.
Education,MIT announced new scholarships for data science students in 2021.
Health,John Hopkins University reported an increase in mental health cases in 2020.
Technology,Amazon Web Services launched new cloud infrastructure in India last year.
Finance,Warren Buffett’s Berkshire Hathaway increased its holdings in Apple last year.
Education,Dr. Alan Walker presented a paper on climate change at Oxford University in 2023.
Technology,Google partnered with NASA to advance quantum computing in 2024.
Technology,Elon Musk unveiled the new Tesla chip during a 2022 event.
Education,"Harvard University launched a new AI program on June 10, 2024."
Education,Dr. Alan Walker presented a paper on climate change at Oxford University in 2023.
Finance,JP Morgan Chase acquired a fintech startup in June 2022.
Technology,"Apple Inc. released the iPhone 15 on October 15, 2023."
Education,The University of Cambridge held its annual convocation in July 2022.
Finance,"Elon Musk invested in Bitcoin in 2021, influencing global markets."
Finance,Goldman Sachs reported a 10% rise in revenue last quarter.
Technology,Google partnered with NASA to advance quantum computing in 2024.
Education,Stanford University collaborated with Google on an AI ethics project last December.
Education,Stanford University collaborated with Google on an AI ethics project last December.
Technology,"Apple Inc. released the iPhone 15 on October 15, 2023."
Health,Dr. Sarah Johnson conducted a study on diabetes in 2023.
Education,Stanford University collaborated with Google on an AI ethics project last December.
Education,The University of Cambridge held its annual convocation in July 2022.
Health,Dr. Sarah Johnson conducted a study on diabetes in 2023.
Education,The University of Cambridge held its annual convocation in July 2022.
Finance,Warren Buffett’s Berkshire Hathaway increased its holdings in Apple last year.
Technology,Amazon Web Services launched new cloud infrastructure in India last year.
Health,Pfizer announced a new vaccine trial in August 2022.
Finance,JP Morgan Chase acquired a fintech startup in June 2022.
Education,Stanford University collaborated with Google on an AI ethics project last December.
Finance,Warren Buffett’s Berkshire Hathaway increased its holdings in Apple last year.
Health,Dr. Sarah Johnson conducted a study on diabetes in 2023.
Education,Stanford University collaborated with Google on an AI ethics project last December.
Finance,The Reserve Bank of India announced new monetary policies in April 2023.
Technology,Microsoft introduced Copilot features to Windows 11 in September 2023.
Health,The World Health Organization released new COVID-19 guidelines in March 2021.
Health,Pfizer announced a new vaccine trial in August 2022.
Technology,Amazon Web Services launched new cloud infrastructure in India last year.
Health,Dr. Sarah Johnson conducted a study on diabetes in 2023.
Finance,JP Morgan Chase acquired a fintech startup in June 2022.
Health,Dr. Emily Carter joined the Mayo Clinic as a senior surgeon last year.
Finance,Goldman Sachs reported a 10% rise in revenue last quarter.
Technology,Elon Musk unveiled the new Tesla chip during a 2022 event.
Health,Dr. Emily Carter joined the Mayo Clinic as a senior surgeon last year.
Technology,Elon Musk unveiled the new Tesla chip during a 2022 event.
Technology,"Apple Inc. released the iPhone 15 on October 15, 2023."
Finance,"Elon Musk invested in Bitcoin in 2021, influencing global markets."
Health,Pfizer announced a new vaccine trial in August 2022.
Technology,Microsoft introduced Copilot features to Windows 11 in September 2023.
Health,John Hopkins University reported an increase in mental health cases in 2020.
Technology,Elon Musk unveiled the new Tesla chip during a 2022 event.
Health,The World Health Organization released new COVID-19 guidelines in March 2021.
Technology,Google partnered with NASA to advance quantum computing in 2024.
Finance,"Elon Musk invested in Bitcoin in 2021, influencing global markets."
Technology,Microsoft introduced Copilot features to Windows 11 in September 2023.
Education,"Harvard University launched a new AI program on June 10, 2024."
Technology,Amazon Web Services launched new cloud infrastructure in India last year.
Technology,Google partnered with NASA to advance quantum computing in 2024.
Technology,Amazon Web Services launched new cloud infrastructure in India last year.
Education,"Harvard University launched a new AI program on June 10, 2024."
Technology,Google partnered with NASA to advance quantum computing in 2024.
Technology,"Apple Inc. released the iPhone 15 on October 15, 2023."
Health,The World Health Organization released new COVID-19 guidelines in March 2021.
Technology,"Apple Inc. released the iPhone 15 on October 15, 2023."
Health,Dr. Sarah Johnson conducted a study on diabetes in 2023.
Education,"Harvard University launched a new AI program on June 10, 2024."
Finance,The Reserve Bank of India announced new monetary policies in April 2023.
Finance,The Reserve Bank of India announced new monetary policies in April 2023.
Education,Dr. Alan Walker presented a paper on climate change at Oxford University in 2023.
Health,The World Health Organization released new COVID-19 guidelines in March 2021.
Health,Dr. Emily Carter joined the Mayo Clinic as a senior surgeon last year.
Education,Stanford University collaborated with Google on an AI ethics project last December.
Health,John Hopkins University reported an increase in mental health cases in 2020.
Technology,Elon Musk unveiled the new Tesla chip during a 2022 event.
Technology,"Apple Inc. released the iPhone 15 on October 15, 2023."
Education,MIT announced new scholarships for data science students in 2021.
Technology,Google partnered with NASA to advance quantum computing in 2024.
Education,Stanford University collaborated with Google on an AI ethics project last December.
Technology,Google partnered with NASA to advance quantum computing in 2024.
Education,"Harvard University launched a new AI program on June 10, 2024."
Education,"Harvard University launched a new AI program on June 10, 2024."
Education,Stanford University collaborated with Google on an AI ethics project last December.
Finance,"Elon Musk invested in Bitcoin in 2021, influencing global markets."
Technology,Microsoft introduced Copilot features to Windows 11 in September 2023.
Health,Dr. Sarah Johnson conducted a study on diabetes in 2023.
Finance,"Elon Musk invested in Bitcoin in 2021, influencing global markets."
Health,The World Health Organization released new COVID-19 guidelines in March 2021.
Technology,Microsoft introduced Copilot features to Windows 11 in September 2023.
Health,The World Health Organization released new COVID-19 guidelines in March 2021.
Health,The World Health Organization released new COVID-19 guidelines in March 2021.
Finance,JP Morgan Chase acquired a fintech startup in June 2022.
Education,The University of Cambridge held its annual convocation in July 2022.
Finance,Warren Buffett’s Berkshire Hathaway increased its holdings in Apple last year.
Education,Stanford University collaborated with Google on an AI ethics project last December.
Technology,Microsoft introduced Copilot features to Windows 11 in September 2023.
Health,Pfizer announced a new vaccine trial in August 2022.
Education,"Harvard University launched a new AI program on June 10, 2024."
Finance,The Reserve Bank of India announced new monetary policies in April 2023.
Finance,Goldman Sachs reported a 10% rise in revenue last quarter.
Education,MIT announced new scholarships for data science students in 2021.
Finance,Warren Buffett’s Berkshire Hathaway increased its holdings in Apple last year.
Technology,Google partnered with NASA to advance quantum computing in 2024.
Education,"Harvard University launched a new AI program on June 10, 2024."
Education,Stanford University collaborated with Google on an AI ethics project last December.
Education,MIT announced new scholarships for data science students in 2021.
Technology,Microsoft introduced Copilot features to Windows 11 in September 2023.
Education,Stanford University collaborated with Google on an AI ethics project last December.
Health,The World Health Organization released new COVID-19 guidelines in March 2021.
Education,The University of Cambridge held its annual convocation in July 2022.
Finance,Warren Buffett’s Berkshire Hathaway increased its holdings in Apple last year.
Technology,Google partnered with NASA to advance quantum computing in 2024.
Education,Dr. Alan Walker presented a paper on climate change at Oxford University in 2023.
Technology,Google partnered with NASA to advance quantum computing in 2024.
Technology,Elon Musk unveiled the new Tesla chip during a 2022 event.
Education,"Harvard University launched a new AI program on June 10, 2024."
Education,Stanford University collaborated with Google on an AI ethics project last December.
Education,"Harvard University launched a new AI program on June 10, 2024."
Education,"Harvard University launched a new AI program on June 10, 2024."
Health,Dr. Sarah Johnson conducted a study on diabetes in 2023.
Technology,Elon Musk unveiled the new Tesla chip during a 2022 event.
Education,Dr. Alan Walker presented a paper on climate change at Oxford University in 2023.
Health,Dr. Emily Carter joined the Mayo Clinic as a senior surgeon last year.
Technology,Microsoft introduced Copilot features to Windows 11 in September 2023.
Finance,The Reserve Bank of India announced new monetary policies in April 2023.
Education,Dr. Alan Walker presented a paper on climate change at Oxford University in 2023.
Technology,Amazon Web Services launched new cloud infrastructure in India last year.
Health,Pfizer announced a new vaccine trial in August 2022.
Technology,Google partnered with NASA to advance quantum computing in 2024.
Technology,"Apple Inc. released the iPhone 15 on October 15, 2023."
Technology,Elon Musk unveiled the new Tesla chip during a 2022 event.
Finance,"Elon Musk invested in Bitcoin in 2021, influencing global markets."
Health,Dr. Sarah Johnson conducted a study on diabetes in 2023.
Health,Dr. Emily Carter joined the Mayo Clinic as a senior surgeon last year.
Education,The University of Cambridge held its annual convocation in July 2022.
Health,Dr. Sarah Johnson conducted a study on diabetes in 2023.
Health,Dr. Sarah Johnson conducted a study on diabetes in 2023.
Health,Dr. Sarah Johnson conducted a study on diabetes in 2023.
Technology,Google partnered with NASA to advance quantum computing in 2024.
Education,"Harvard University launched a new AI program on June 10, 2024."
Finance,Goldman Sachs reported a 10% rise in revenue last quarter.
Technology,Microsoft introduced Copilot features to Windows 11 in September 2023.
Finance,"Elon Musk invested in Bitcoin in 2021, influencing global markets."
Technology,Google partnered with NASA to advance quantum computing in 2024.
Education,MIT announced new scholarships for data science students in 2021.
Health,Pfizer announced a new vaccine trial in August 2022.
Education,"Harvard University launched a new AI program on June 10, 2024."
Finance,"Elon Musk invested in Bitcoin in 2021, influencing global markets."
Education,MIT announced new scholarships for data science students in 2021.
Technology,"Apple Inc. released the iPhone 15 on October 15, 2023."
Technology,Microsoft introduced Copilot features to Windows 11 in September 2023.
Finance,Goldman Sachs reported a 10% rise in revenue last quarter.
Education,Dr. Alan Walker presented a paper on climate change at Oxford University in 2023.
Technology,Microsoft introduced Copilot features to Windows 11 in September 2023.
Education,Stanford University collaborated with Google on an AI ethics project last December.
Technology,Google partnered with NASA to advance quantum computing in 2024.
Health,Dr. Sarah Johnson conducted a study on diabetes in 2023.
Health,Dr. Sarah Johnson conducted a study on diabetes in 2023.
Technology,Amazon Web Services launched new cloud infrastructure in India last year.
Education,MIT announced new scholarships for data science students in 2021.
Education,MIT announced new scholarships for data science students in 2021.
Finance,The Reserve Bank of India announced new monetary policies in April 2023.
Finance,"Elon Musk invested in Bitcoin in 2021, influencing global markets."
Technology,Amazon Web Services launched new cloud infrastructure in India last year.
Technology,Google partnered with NASA to advance quantum computing in 2024.
Finance,The Reserve Bank of India announced new monetary policies in April 2023.
Finance,The Reserve Bank of India announced new monetary policies in April 2023.
Education,Dr. Alan Walker presented a paper on climate change at Oxford University in 2023.
Technology,Amazon Web Services launched new cloud infrastructure in India last year.
Health,Dr. Emily Carter joined the Mayo Clinic as a senior surgeon last year.
Technology,"Apple Inc. released the iPhone 15 on October 15, 2023."
Technology,Amazon Web Services launched new cloud infrastructure in India last year.
Technology,Elon Musk unveiled the new Tesla chip during a 2022 event.
Finance,The Reserve Bank of India announced new monetary policies in April 2023.
Education,"Harvard University launched a new AI program on June 10, 2024."
Education,MIT announced new scholarships for data science students in 2021.
Technology,Elon Musk unveiled the new Tesla chip during a 2022 event.
Health,John Hopkins University reported an increase in mental health cases in 2020.
Health,Pfizer announced a new vaccine trial in August 2022.
Technology,Microsoft introduced Copilot features to Windows 11 in September 2023.
Finance,Warren Buffett’s Berkshire Hathaway increased its holdings in Apple last year.
Health,The World Health Organization released new COVID-19 guidelines in March 2021.
Technology,"Apple Inc. released the iPhone 15 on October 15, 2023."
Finance,"Elon Musk invested in Bitcoin in 2021, influencing global markets."
Technology,Amazon Web Services launched new cloud infrastructure in India last year.
Technology,Elon Musk unveiled the new Tesla chip during a 2022 event.
Education,Dr. Alan Walker presented a paper on climate change at Oxford University in 2023.
Health,Dr. Sarah Johnson conducted a study on diabetes in 2023.
Health,Dr. Sarah Johnson conducted a study on diabetes in 2023.
Health,Dr. Emily Carter joined the Mayo Clinic as a senior surgeon last year.
Health,Pfizer announced a new vaccine trial in August 2022.
Health,Dr. Emily Carter joined the Mayo Clinic as a senior surgeon last year.
Health,Dr. Sarah Johnson conducted a study on diabetes in 2023.
Education,The University of Cambridge held its annual convocation in July 2022.
Education,The University of Cambridge held its annual convocation in July 2022.
Technology,Google partnered with NASA to advance quantum computing in 2024.
Health,John Hopkins University reported an increase in mental health cases in 2020.
Education,Stanford University collaborated with Google on an AI ethics project last December.
Health,The World Health Organization released new COVID-19 guidelines in March 2021.
Health,John Hopkins University reported an increase in mental health cases in 2020.
Health,Dr. Emily Carter joined the Mayo Clinic as a senior surgeon last year.
Health,The World Health Organization released new COVID-19 guidelines in March 2021.
Technology,Google partnered with NASA to advance quantum computing in 2024.
Technology,Amazon Web Services launched new cloud infrastructure in India last year.
Technology,"Apple Inc. released the iPhone 15 on October 15, 2023."
Technology,Amazon Web Services launched new cloud infrastructure in India last year.
Health,Dr. Sarah Johnson conducted a study on diabetes in 2023.
Health,The World Health Organization released new COVID-19 guidelines in March 2021.
Health,Dr. Emily Carter joined the Mayo Clinic as a senior surgeon last year.
Health,John Hopkins University reported an increase in mental health cases in 2020.
Technology,Amazon Web Services launched new cloud infrastructure in India last year.
Technology,Elon Musk unveiled the new Tesla chip during a 2022 event.
Health,The World Health Organization released new COVID-19 guidelines in March 2021.
Finance,Goldman Sachs reported a 10% rise in revenue last quarter.
Education,"Harvard University launched a new AI program on June 10, 2024."
Health,The World Health Organization released new COVID-19 guidelines in March 2021.
Finance,"Elon Musk invested in Bitcoin in 2021, influencing global markets."
Technology,Amazon Web Services launched new cloud infrastructure in India last year.
Technology,Google partnered with NASA to advance quantum computing in 2024.
Technology,Google partnered with NASA to advance quantum computing in 2024.
Education,MIT announced new scholarships for data science students in 2021.
Health,Pfizer announced a new vaccine trial in August 2022.
Health,John Hopkins University reported an increase in mental health cases in 2020.
Technology,Elon Musk unveiled the new Tesla chip during a 2022 event.
Technology,Elon Musk unveiled the new Tesla chip during a 2022 event.
Education,Stanford University collaborated with Google on an AI ethics project last December.
Technology,Microsoft introduced Copilot features to Windows 11 in September 2023.
Education,"Harvard University launched a new AI program on June 10, 2024."
Finance,"Elon Musk invested in Bitcoin in 2021, influencing global markets."
Finance,JP Morgan Chase acquired a fintech startup in June 2022.
Technology,Microsoft introduced Copilot features to Windows 11 in September 2023.
Finance,The Reserve Bank of India announced new monetary policies in April 2023.
Finance,"Elon Musk invested in Bitcoin in 2021, influencing global markets."
Finance,"Elon Musk invested in Bitcoin in 2021, influencing global markets."
Education,The University of Cambridge held its annual convocation in July 2022.
Health,Pfizer announced a new vaccine trial in August 2022.
Finance,The Reserve Bank of India announced new monetary policies in April 2023.
Technology,Elon Musk unveiled the new Tesla chip during a 2022 event.
Finance,"Elon Musk invested in Bitcoin in 2021, influencing global markets."
Education,Stanford University collaborated with Google on an AI ethics project last December.
Finance,The Reserve Bank of India announced new monetary policies in April 2023.
Health,The World Health Organization released new COVID-19 guidelines in March 2021.
